id;name;email;join_date
1;reprimand boastfully that;KimMai75@yahoo.com;2025-08-22T00:29:12
2;eek until;NhuLoan_7kang95@yahoo.com;2025-08-21T03:41:24
3;jaggedly expatiate quaintly;ThuyNga1@yahoo.com;2025-08-22T02:08:21
4;across switchboard chromakey;NgocOanh_Vuong14@gmail.com;2025-08-21T14:38:35
5;edible;ThanhTung_7kinh72@hotmail.com;2025-08-21T03:57:38
6;wherever irritably;HiepHien_Phung@gmail.com;2025-08-21T21:08:37
7;per although hence;7kongVy.Hoang65@gmail.com;2025-08-21T16:14:10
8;musty;VietMi.Ho@yahoo.com;2025-08-21T23:13:57
9;fluctuate upset lasting;ThuongLiet_Vu1@yahoo.com;2025-08-21T04:29:14
10;eminent deceivingly solicit;HaoNghiep_Bui@yahoo.com;2025-08-21T20:42:43
